[{"model": "parameters.function", "pk": 1, "fields": {"description": "Economico", "created_at": "2016-05-06T05:28:14.366Z", "updated_at": "2016-05-06T05:28:14.367Z"}}, {"model": "parameters.function", "pk": 2, "fields": {"description": "Libre", "created_at": "2016-05-06T05:28:17.922Z", "updated_at": "2016-05-06T05:28:17.922Z"}}, {"model": "parameters.function", "pk": 3, "fields": {"description": "Capital", "created_at": "2016-05-06T05:28:30.197Z", "updated_at": "2016-05-06T05:28:30.197Z"}}, {"model": "parameters.function", "pk": 4, "fields": {"description": "Consumo", "created_at": "2016-05-06T05:29:34.122Z", "updated_at": "2016-05-06T05:29:34.122Z"}}, {"model": "parameters.function", "pk": 5, "fields": {"description": "Inversion", "created_at": "2016-05-06T05:29:47.623Z", "updated_at": "2016-05-06T05:29:47.623Z"}}, {"model": "parameters.function", "pk": 6, "fields": {"description": "Intermedio", "created_at": "2016-05-06T05:30:22.626Z", "updated_at": "2016-05-06T05:30:22.626Z"}}, {"model": "parameters.function", "pk": 7, "fields": {"description": "Final", "created_at": "2016-05-06T05:30:26.140Z", "updated_at": "2016-05-06T05:30:26.140Z"}}, {"model": "parameters.function", "pk": 8, "fields": {"description": "Publico", "created_at": "2016-05-06T05:31:11.018Z", "updated_at": "2016-05-06T05:31:11.018Z"}}, {"model": "parameters.function", "pk": 9, "fields": {"description": "Privado", "created_at": "2016-05-06T05:31:18.653Z", "updated_at": "2016-05-06T05:31:18.653Z"}}, {"model": "parameters.species", "pk": 1, "fields": {"name": "Animal", "specie_suc": null, "created_at": "2016-05-06T04:59:21.955Z", "updated_at": "2016-05-06T04:59:21.955Z"}}, {"model": "parameters.species", "pk": 2, "fields": {"name": "Planta", "specie_suc": null, "created_at": "2016-05-06T04:59:29.526Z", "updated_at": "2016-05-06T04:59:29.526Z"}}, {"model": "parameters.species", "pk": 3, "fields": {"name": "Hongo", "specie_suc": null, "created_at": "2016-05-06T04:59:33.907Z", "updated_at": "2016-05-06T04:59:33.907Z"}}, {"model": "parameters.species", "pk": 4, "fields": {"name": "Bacteria", "specie_suc": null, "created_at": "2016-05-06T05:00:32.803Z", "updated_at": "2016-05-06T05:00:32.803Z"}}, {"model": "parameters.species", "pk": 5, "fields": {"name": "Mamifero", "specie_suc": 1, "created_at": "2016-05-06T05:00:51.940Z", "updated_at": "2016-05-06T05:00:51.940Z"}}, {"model": "parameters.species", "pk": 6, "fields": {"name": "Ave", "specie_suc": 1, "created_at": "2016-05-06T05:00:56.944Z", "updated_at": "2016-05-06T05:00:56.944Z"}}, {"model": "parameters.species", "pk": 7, "fields": {"name": "Reptil", "specie_suc": 1, "created_at": "2016-05-06T05:01:10.222Z", "updated_at": "2016-05-06T05:01:10.222Z"}}, {"model": "parameters.species", "pk": 8, "fields": {"name": "Anfibio", "specie_suc": 1, "created_at": "2016-05-06T05:01:28.439Z", "updated_at": "2016-05-06T05:01:28.439Z"}}, {"model": "parameters.species", "pk": 9, "fields": {"name": "Pez", "specie_suc": 1, "created_at": "2016-05-06T05:01:41.154Z", "updated_at": "2016-05-06T05:01:41.154Z"}}, {"model": "parameters.species", "pk": 10, "fields": {"name": "Plantas vasculares", "specie_suc": 2, "created_at": "2016-05-06T05:02:29.208Z", "updated_at": "2016-05-06T05:02:29.209Z"}}, {"model": "parameters.species", "pk": 11, "fields": {"name": "Musgo", "specie_suc": 2, "created_at": "2016-05-06T05:02:49.292Z", "updated_at": "2016-05-06T05:02:49.292Z"}}, {"model": "parameters.species", "pk": 12, "fields": {"name": "Alga", "specie_suc": 2, "created_at": "2016-05-06T05:02:57.403Z", "updated_at": "2016-05-06T05:02:57.404Z"}}, {"model": "parameters.species", "pk": 13, "fields": {"name": "Vaca", "specie_suc": 5, "created_at": "2016-05-06T05:04:01.131Z", "updated_at": "2016-05-06T05:04:01.131Z"}}, {"model": "parameters.species", "pk": 14, "fields": {"name": "Perro", "specie_suc": 5, "created_at": "2016-05-06T05:04:08.426Z", "updated_at": "2016-05-06T05:04:08.426Z"}}, {"model": "parameters.species", "pk": 15, "fields": {"name": "Gato", "specie_suc": 5, "created_at": "2016-05-06T05:04:21.933Z", "updated_at": "2016-05-06T05:04:21.933Z"}}, {"model": "parameters.species", "pk": 16, "fields": {"name": "Helecho", "specie_suc": 10, "created_at": "2016-05-06T05:06:27.098Z", "updated_at": "2016-05-06T05:06:27.098Z"}}, {"model": "parameters.species", "pk": 17, "fields": {"name": "Abeto", "specie_suc": 10, "created_at": "2016-05-06T05:08:35.241Z", "updated_at": "2016-05-06T05:08:35.241Z"}}, {"model": "parameters.species", "pk": 18, "fields": {"name": "Nori", "specie_suc": 12, "created_at": "2016-05-06T05:09:36.872Z", "updated_at": "2016-05-06T05:09:36.872Z"}}, {"model": "parameters.species", "pk": 19, "fields": {"name": "Gallina", "specie_suc": 6, "created_at": "2016-05-06T05:09:53.812Z", "updated_at": "2016-05-06T05:09:53.812Z"}}, {"model": "parameters.species", "pk": 20, "fields": {"name": "Pavo", "specie_suc": 6, "created_at": "2016-05-06T05:10:38.050Z", "updated_at": "2016-05-06T05:10:38.050Z"}}, {"model": "parameters.species", "pk": 21, "fields": {"name": "Pato", "specie_suc": 6, "created_at": "2016-05-06T05:10:44.042Z", "updated_at": "2016-05-06T05:10:44.042Z"}}, {"model": "parameters.species", "pk": 22, "fields": {"name": "Tortuga", "specie_suc": 7, "created_at": "2016-05-06T05:12:38.670Z", "updated_at": "2016-05-06T05:12:38.670Z"}}, {"model": "parameters.species", "pk": 23, "fields": {"name": "Serpiente", "specie_suc": 7, "created_at": "2016-05-06T05:12:52.191Z", "updated_at": "2016-05-06T05:12:52.191Z"}}, {"model": "parameters.species", "pk": 24, "fields": {"name": "Espirilos", "specie_suc": 4, "created_at": "2016-05-06T05:13:34.517Z", "updated_at": "2016-05-06T05:13:34.517Z"}}, {"model": "parameters.species", "pk": 25, "fields": {"name": "Bacilos", "specie_suc": 4, "created_at": "2016-05-06T05:13:56.728Z", "updated_at": "2016-05-06T05:13:56.729Z"}}, {"model": "parameters.gender", "pk": 1, "fields": {"name": "Masculino", "created_at": "2016-05-06T04:44:09.498Z", "updated_at": "2016-05-06T04:44:09.498Z"}}, {"model": "parameters.gender", "pk": 2, "fields": {"name": "Femenino", "created_at": "2016-05-06T04:44:14.051Z", "updated_at": "2016-05-06T04:44:14.051Z"}}, {"model": "parameters.measureunit", "pk": 1, "fields": {"name": "Metro", "unit": "m", "created_at": "2016-05-06T04:32:03.453Z", "updated_at": "2016-05-06T04:32:03.453Z"}}, {"model": "parameters.measureunit", "pk": 2, "fields": {"name": "Kilogramo", "unit": "Kg", "created_at": "2016-05-06T04:32:16.395Z", "updated_at": "2016-05-06T04:32:16.395Z"}}, {"model": "parameters.measureunit", "pk": 3, "fields": {"name": "Segundo", "unit": "s", "created_at": "2016-05-06T04:32:31.455Z", "updated_at": "2016-05-06T04:32:31.455Z"}}, {"model": "parameters.measureunit", "pk": 4, "fields": {"name": "Kilometro", "unit": "Km", "created_at": "2016-05-06T04:32:41.561Z", "updated_at": "2016-05-06T04:32:41.561Z"}}, {"model": "parameters.measureunit", "pk": 5, "fields": {"name": "Megabyte", "unit": "Mb", "created_at": "2016-05-06T04:33:32.753Z", "updated_at": "2016-05-06T04:33:32.753Z"}}, {"model": "parameters.measureunit", "pk": 6, "fields": {"name": "Gigabyte", "unit": "Gb", "created_at": "2016-05-06T04:33:20.674Z", "updated_at": "2016-05-06T04:33:20.674Z"}}, {"model": "parameters.measureunit", "pk": 7, "fields": {"name": "Centimetro", "unit": "cm", "created_at": "2016-05-06T04:34:07.199Z", "updated_at": "2016-05-06T04:34:07.200Z"}}, {"model": "parameters.measureunit", "pk": 8, "fields": {"name": "Metro cubico", "unit": "m3", "created_at": "2016-05-06T04:35:50.434Z", "updated_at": "2016-05-06T04:35:50.434Z"}}, {"model": "parameters.colour", "pk": 1, "fields": {"name": "Rojo", "created_at": "2016-05-06T04:01:55.965Z", "updated_at": "2016-05-06T04:01:55.965Z"}}, {"model": "parameters.colour", "pk": 2, "fields": {"name": "Verde", "created_at": "2016-05-06T04:02:02.243Z", "updated_at": "2016-05-06T04:02:02.243Z"}}, {"model": "parameters.colour", "pk": 3, "fields": {"name": "Amarillo", "created_at": "2016-05-06T04:02:15.422Z", "updated_at": "2016-05-06T04:02:15.422Z"}}, {"model": "parameters.colour", "pk": 4, "fields": {"name": "Azul", "created_at": "2016-05-06T04:02:19.139Z", "updated_at": "2016-05-06T04:02:19.140Z"}}, {"model": "parameters.colour", "pk": 5, "fields": {"name": "Negro", "created_at": "2016-05-06T04:02:24.520Z", "updated_at": "2016-05-06T04:02:24.520Z"}}, {"model": "parameters.colour", "pk": 6, "fields": {"name": "Blanco", "created_at": "2016-05-06T04:02:29.814Z", "updated_at": "2016-05-06T04:02:29.814Z"}}, {"model": "parameters.colour", "pk": 7, "fields": {"name": "Gris", "created_at": "2016-05-06T04:02:35.539Z", "updated_at": "2016-05-06T04:02:35.539Z"}}, {"model": "parameters.colour", "pk": 8, "fields": {"name": "Violeta", "created_at": "2016-05-06T04:03:12.623Z", "updated_at": "2016-05-06T04:03:12.623Z"}}, {"model": "parameters.colour", "pk": 9, "fields": {"name": "Naranja", "created_at": "2016-05-06T04:03:17.278Z", "updated_at": "2016-05-06T04:03:17.278Z"}}, {"model": "parameters.make", "pk": 1, "fields": {"name": "Hp", "created_at": "2016-05-06T04:08:18.954Z", "updated_at": "2016-05-06T04:08:18.954Z"}}, {"model": "parameters.make", "pk": 2, "fields": {"name": "Lenovo", "created_at": "2016-05-06T04:08:23.133Z", "updated_at": "2016-05-06T04:08:23.134Z"}}, {"model": "parameters.make", "pk": 3, "fields": {"name": "Compaq", "created_at": "2016-05-06T04:08:46.923Z", "updated_at": "2016-05-06T04:08:46.923Z"}}, {"model": "parameters.make", "pk": 4, "fields": {"name": "Dell", "created_at": "2016-05-06T04:08:49.880Z", "updated_at": "2016-05-06T04:08:49.880Z"}}, {"model": "parameters.make", "pk": 5, "fields": {"name": "Toyota", "created_at": "2016-05-06T04:09:37.657Z", "updated_at": "2016-05-06T04:09:37.657Z"}}, {"model": "parameters.make", "pk": 6, "fields": {"name": "Ford", "created_at": "2016-05-06T04:09:40.657Z", "updated_at": "2016-05-06T04:09:40.658Z"}}, {"model": "parameters.make", "pk": 7, "fields": {"name": "Susuki", "created_at": "2016-05-06T04:09:57.280Z", "updated_at": "2016-05-06T04:09:57.281Z"}}, {"model": "parameters.make", "pk": 8, "fields": {"name": "Honda", "created_at": "2016-05-06T04:10:02.686Z", "updated_at": "2016-05-06T04:10:02.686Z"}}, {"model": "parameters.make", "pk": 9, "fields": {"name": "Samsung", "created_at": "2016-05-06T04:10:33.621Z", "updated_at": "2016-05-06T04:10:33.621Z"}}, {"model": "parameters.make", "pk": 10, "fields": {"name": "Panasonic", "created_at": "2016-05-06T04:10:39.023Z", "updated_at": "2016-05-06T04:10:39.023Z"}}, {"model": "parameters.make", "pk": 11, "fields": {"name": "Sony", "created_at": "2016-05-06T04:10:48.432Z", "updated_at": "2016-05-06T04:10:48.432Z"}}, {"model": "parameters.model", "pk": 1, "fields": {"name": "Pavilion", "make": 1, "created_at": "2016-05-06T04:12:32.164Z", "updated_at": "2016-05-06T04:12:32.164Z"}}, {"model": "parameters.model", "pk": 2, "fields": {"name": "Spectre", "make": 1, "created_at": "2016-05-06T04:12:59.949Z", "updated_at": "2016-05-06T04:12:59.949Z"}}, {"model": "parameters.model", "pk": 3, "fields": {"name": "Fiesta", "make": 6, "created_at": "2016-05-06T04:14:13.275Z", "updated_at": "2016-05-06T04:14:13.275Z"}}, {"model": "parameters.model", "pk": 4, "fields": {"name": "Focus", "make": 6, "created_at": "2016-05-06T04:14:20.842Z", "updated_at": "2016-05-06T04:14:20.842Z"}}, {"model": "parameters.model", "pk": 5, "fields": {"name": "Xperia x", "make": 11, "created_at": "2016-05-06T04:16:27.701Z", "updated_at": "2016-05-06T04:16:27.701Z"}}, {"model": "parameters.model", "pk": 6, "fields": {"name": "Xperia Z5", "make": 11, "created_at": "2016-05-06T04:16:37.638Z", "updated_at": "2016-05-06T04:16:37.638Z"}}, {"model": "parameters.model", "pk": 7, "fields": {"name": "Yaris", "make": 5, "created_at": "2016-05-06T04:17:21.847Z", "updated_at": "2016-05-06T04:17:21.847Z"}}, {"model": "parameters.model", "pk": 8, "fields": {"name": "Auris", "make": 5, "created_at": "2016-05-06T04:17:27.088Z", "updated_at": "2016-05-06T04:17:27.088Z"}}, {"model": "parameters.model", "pk": 9, "fields": {"name": "Inspiron", "make": 4, "created_at": "2016-05-06T04:17:55.150Z", "updated_at": "2016-05-06T04:17:55.151Z"}}, {"model": "parameters.model", "pk": 10, "fields": {"name": "Xps", "make": 4, "created_at": "2016-05-06T04:18:20.038Z", "updated_at": "2016-05-06T04:18:20.038Z"}}, {"model": "parameters.model", "pk": 11, "fields": {"name": "Thinkpad", "make": 2, "created_at": "2016-05-06T04:22:28.984Z", "updated_at": "2016-05-06T04:22:28.985Z"}}, {"model": "parameters.model", "pk": 12, "fields": {"name": "Ideapad", "make": 2, "created_at": "2016-05-06T04:22:36.594Z", "updated_at": "2016-05-06T04:22:36.594Z"}}, {"model": "parameters.model", "pk": 13, "fields": {"name": "Presario", "make": 3, "created_at": "2016-05-06T04:23:31.753Z", "updated_at": "2016-05-06T04:23:31.753Z"}}, {"model": "parameters.model", "pk": 14, "fields": {"name": "Celerio", "make": 7, "created_at": "2016-05-06T04:24:27.567Z", "updated_at": "2016-05-06T04:24:27.568Z"}}, {"model": "parameters.model", "pk": 15, "fields": {"name": "Jimny", "make": 7, "created_at": "2016-05-06T04:24:50.849Z", "updated_at": "2016-05-06T04:24:50.849Z"}}, {"model": "parameters.model", "pk": 16, "fields": {"name": "Civic", "make": 8, "created_at": "2016-05-06T04:25:47.614Z", "updated_at": "2016-05-06T04:25:47.614Z"}}, {"model": "parameters.model", "pk": 17, "fields": {"name": "Accord", "make": 8, "created_at": "2016-05-06T04:25:53.973Z", "updated_at": "2016-05-06T04:25:53.973Z"}}, {"model": "parameters.model", "pk": 18, "fields": {"name": "S3", "make": 9, "created_at": "2016-05-06T04:26:02.045Z", "updated_at": "2016-05-06T04:26:02.045Z"}}, {"model": "parameters.model", "pk": 19, "fields": {"name": "S4", "make": 9, "created_at": "2016-05-06T04:26:07.743Z", "updated_at": "2016-05-06T04:26:07.743Z"}}, {"model": "parameters.model", "pk": 20, "fields": {"name": "S5", "make": 9, "created_at": "2016-05-06T04:26:13.529Z", "updated_at": "2016-05-06T04:26:13.529Z"}}, {"model": "parameters.model", "pk": 21, "fields": {"name": "VT50", "make": 10, "created_at": "2016-05-06T04:27:15.390Z", "updated_at": "2016-05-06T04:27:15.391Z"}}, {"model": "parameters.model", "pk": 22, "fields": {"name": "GT50", "make": 10, "created_at": "2016-05-06T04:27:20.577Z", "updated_at": "2016-05-06T04:27:20.577Z"}}]